[
  {
    "id":"world",
    "type":"world",
    "parent":"",
    "name":"World"
  },
  {
    "id":"002",
    "type":"continent",
    "parent":"world",
    "name":"Africa"
  },
  {
    "id":"015",
    "type":"sub-continent",
    "parent":"002",
    "name":"Northern Africa"
  },
  {
    "id":"DZ",
    "type":"country",
    "parent":"015",
    "name":"Algeria"
  },
  {
    "id":"EG",
    "type":"country",
    "parent":"015",
    "name":"Egypt"
  },
  {
    "id":"EH",
    "type":"country",
    "parent":"015",
    "name":"Western sahara"
  },
  {
    "id":"LY",
    "type":"country",
    "parent":"015",
    "name":"Libya"
  },
  {
    "id":"MA",
    "type":"country",
    "parent":"015",
    "name":"Morocco"
  },
  {
    "id":"SD",
    "type":"country",
    "parent":"015",
    "name":"Sudan"
  },
  {
    "id":"TN",
    "type":"country",
    "parent":"015",
    "name":"Tunisia"
  },
  {
    "id":"011",
    "type":"sub-continent",
    "parent":"002",
    "name":"Western Africa"
  },
  {
    "id":"BF",
    "type":"country",
    "parent":"011",
    "name":"Burkina faso"
  },
  {
    "id":"BJ",
    "type":"country",
    "parent":"011",
    "name":"Benin"
  },
  {
    "id":"CI",
    "type":"country",
    "parent":"011",
    "name":"Cote d'ivoire"
  },
  {
    "id":"CV",
    "type":"country",
    "parent":"011",
    "name":"Cape verde"
  },
  {
    "id":"GH",
    "type":"country",
    "parent":"011",
    "name":"Ghana"
  },
  {
    "id":"GM",
    "type":"country",
    "parent":"011",
    "name":"Gambia"
  },
  {
    "id":"GN",
    "type":"country",
    "parent":"011",
    "name":"Guinea"
  },
  {
    "id":"GW",
    "type":"country",
    "parent":"011",
    "name":"Guinea Bissau"
  },
  {
    "id":"LR",
    "type":"country",
    "parent":"011",
    "name":"Liberia"
  },
  {
    "id":"ML",
    "type":"country",
    "parent":"011",
    "name":"Mali"
  },
  {
    "id":"MR",
    "type":"country",
    "parent":"011",
    "name":"Mauritania"
  },
  {
    "id":"NE",
    "type":"country",
    "parent":"011",
    "name":"Niger"
  },
  {
    "id":"NG",
    "type":"country",
    "parent":"011",
    "name":"Nigeria"
  },
  {
    "id":"SH",
    "type":"country",
    "parent":"011",
    "name":"Saint helena, ascension and tristan da cunha"
  },
  {
    "id":"SL",
    "type":"country",
    "parent":"011",
    "name":"Sierra leone"
  },
  {
    "id":"SN",
    "type":"country",
    "parent":"011",
    "name":"Senegal"
  },
  {
    "id":"TG",
    "type":"country",
    "parent":"011",
    "name":"Togo"
  },
  {
    "id":"017",
    "type":"sub-continent",
    "parent":"002",
    "name":"Middle Africa"
  },
  {
    "id":"AO",
    "type":"country",
    "parent":"017",
    "name":"Angola"
  },
  {
    "id":"CD",
    "type":"country",
    "parent":"017",
    "name":"Congo, the democratic republic of the"
  },
  {
    "id":"ZR",
    "type":"country",
    "parent":"017",
    "name":"Zaire"
  },
  {
    "id":"CF",
    "type":"country",
    "parent":"017",
    "name":"Central african republic"
  },
  {
    "id":"CG",
    "type":"country",
    "parent":"017",
    "name":"Congo"
  },
  {
    "id":"CM",
    "type":"country",
    "parent":"017",
    "name":"Cameroon"
  },
  {
    "id":"GA",
    "type":"country",
    "parent":"017",
    "name":"Gabon"
  },
  {
    "id":"GQ",
    "type":"country",
    "parent":"017",
    "name":"Equatorial guinea"
  },
  {
    "id":"ST",
    "type":"country",
    "parent":"017",
    "name":"Sao tome and principe"
  },
  {
    "id":"TD",
    "type":"country",
    "parent":"017",
    "name":"Chad"
  },
  {
    "id":"014",
    "type":"sub-continent",
    "parent":"002",
    "name":"Eastern Africa"
  },
  {
    "id":"BI",
    "type":"country",
    "parent":"014",
    "name":"Burundi"
  },
  {
    "id":"DJ",
    "type":"country",
    "parent":"014",
    "name":"Djibouti"
  },
  {
    "id":"ER",
    "type":"country",
    "parent":"014",
    "name":"Eritrea"
  },
  {
    "id":"ET",
    "type":"country",
    "parent":"014",
    "name":"Ethiopia"
  },
  {
    "id":"KE",
    "type":"country",
    "parent":"014",
    "name":"Kenya"
  },
  {
    "id":"KM",
    "type":"country",
    "parent":"014",
    "name":"Comoros"
  },
  {
    "id":"MG",
    "type":"country",
    "parent":"014",
    "name":"Madagascar"
  },
  {
    "id":"MU",
    "type":"country",
    "parent":"014",
    "name":"Mauritius"
  },
  {
    "id":"MW",
    "type":"country",
    "parent":"014",
    "name":"Malawi"
  },
  {
    "id":"MZ",
    "type":"country",
    "parent":"014",
    "name":"Mozambique"
  },
  {
    "id":"RE",
    "type":"country",
    "parent":"014",
    "name":"RÈunion"
  },
  {
    "id":"RW",
    "type":"country",
    "parent":"014",
    "name":"Rwanda"
  },
  {
    "id":"SC",
    "type":"country",
    "parent":"014",
    "name":"Seychelles"
  },
  {
    "id":"SO",
    "type":"country",
    "parent":"014",
    "name":"Somalia"
  },
  {
    "id":"TZ",
    "type":"country",
    "parent":"014",
    "name":"Tanzania, united republic of"
  },
  {
    "id":"UG",
    "type":"country",
    "parent":"014",
    "name":"Uganda"
  },
  {
    "id":"YT",
    "type":"country",
    "parent":"014",
    "name":"Mayotte"
  },
  {
    "id":"ZM",
    "type":"country",
    "parent":"014",
    "name":"Zambia"
  },
  {
    "id":"ZW",
    "type":"country",
    "parent":"154",
    "name":"Zimbabwe"
  },
  {
    "id":"018",
    "type":"sub-continent",
    "parent":"002",
    "name":"Southern Africa"
  },
  {
    "id":"BW",
    "type":"country",
    "parent":"018",
    "name":"Botswana"
  },
  {
    "id":"LS",
    "type":"country",
    "parent":"018",
    "name":"Lesotho"
  },
  {
    "id":"NA",
    "type":"country",
    "parent":"018",
    "name":"Namibia"
  },
  {
    "id":"SZ",
    "type":"country",
    "parent":"018",
    "name":"Swaziland"
  },
  {
    "id":"ZA",
    "type":"country",
    "parent":"018",
    "name":"South africa"
  },
  {
    "id":"150",
    "type":"continent",
    "parent":"world",
    "name":"Europe"
  },
  {
    "id":"154",
    "type":"sub-continent",
    "parent":"150",
    "name":"Northern Europe"
  },
  {
    "id":"GG",
    "type":"country",
    "parent":"154",
    "name":"Guernsey"
  },
  {
    "id":"JE",
    "type":"country",
    "parent":"154",
    "name":"Jersey"
  },
  {
    "id":"AX",
    "type":"country",
    "parent":"154",
    "name":"≈land islands"
  },
  {
    "id":"DK",
    "type":"country",
    "parent":"154",
    "name":"Denmark"
  },
  {
    "id":"EE",
    "type":"country",
    "parent":"154",
    "name":"Estonia"
  },
  {
    "id":"FI",
    "type":"country",
    "parent":"154",
    "name":"Finland"
  },
  {
    "id":"FO",
    "type":"country",
    "parent":"154",
    "name":"Faroe islands"
  },
  {
    "id":"GB",
    "type":"country",
    "parent":"154",
    "name":"United kingdom"
  },
  {
    "id":"IE",
    "type":"country",
    "parent":"154",
    "name":"Ireland"
  },
  {
    "id":"IM",
    "type":"country",
    "parent":"154",
    "name":"Isle of man"
  },
  {
    "id":"IS",
    "type":"country",
    "parent":"154",
    "name":"Iceland"
  },
  {
    "id":"LT",
    "type":"country",
    "parent":"154",
    "name":"Lithuania"
  },
  {
    "id":"LV",
    "type":"country",
    "parent":"154",
    "name":"Latvia"
  },
  {
    "id":"NO",
    "type":"country",
    "parent":"154",
    "name":"Norway"
  },
  {
    "id":"SE",
    "type":"country",
    "parent":"154",
    "name":"Sweden"
  },
  {
    "id":"SJ",
    "type":"country",
    "parent":"154",
    "name":"Svalbard and jan mayen"
  },
  {
    "id":"155",
    "type":"sub-continent",
    "parent":"150",
    "name":"Western Europe"
  },
  {
    "id":"AT",
    "type":"country",
    "parent":"155",
    "name":"Austria"
  },
  {
    "id":"BE",
    "type":"country",
    "parent":"155",
    "name":"Belgium"
  },
  {
    "id":"CH",
    "type":"country",
    "parent":"155",
    "name":"Switzerland"
  },
  {
    "id":"DE",
    "type":"country",
    "parent":"155",
    "name":"Germany"
  },
  {
    "id":"DD",
    "type":"country",
    "parent":"155",
    "name":"German Democratic Republic"
  },
  {
    "id":"FR",
    "type":"country",
    "parent":"155",
    "name":"France"
  },
  {
    "id":"FX",
    "type":"country",
    "parent":"155",
    "name":"France, Metropolitan"
  },
  {
    "id":"LI",
    "type":"country",
    "parent":"155",
    "name":"Liechtenstein"
  },
  {
    "id":"LU",
    "type":"country",
    "parent":"155",
    "name":"Luxembourg"
  },
  {
    "id":"MC",
    "type":"country",
    "parent":"155",
    "name":"Monaco"
  },
  {
    "id":"NL",
    "type":"country",
    "parent":"155",
    "name":"Netherlands"
  },
  {
    "id":"151",
    "type":"sub-continent",
    "parent":"150",
    "name":"Eastern Europe"
  },
  {
    "id":"BG",
    "type":"country",
    "parent":"151",
    "name":"Bulgaria"
  },
  {
    "id":"BY",
    "type":"country",
    "parent":"151",
    "name":"Belarus"
  },
  {
    "id":"CZ",
    "type":"country",
    "parent":"151",
    "name":"Czech republic"
  },
  {
    "id":"HU",
    "type":"country",
    "parent":"151",
    "name":"Hungary"
  },
  {
    "id":"MD",
    "type":"country",
    "parent":"151",
    "name":"Moldova, republic of"
  },
  {
    "id":"PL",
    "type":"country",
    "parent":"151",
    "name":"Poland"
  },
  {
    "id":"RO",
    "type":"country",
    "parent":"151",
    "name":"Romania"
  },
  {
    "id":"RU",
    "type":"country",
    "parent":"151",
    "name":"Russian federation"
  },
  {
    "id":"SU",
    "type":"country",
    "parent":"151",
    "name":"USSR"
  },
  {
    "id":"SK",
    "type":"country",
    "parent":"151",
    "name":"Slovakia"
  },
  {
    "id":"UA",
    "type":"country",
    "parent":"151",
    "name":"Ukraine"
  },
  {
    "id":"039",
    "type":"sub-continent",
    "parent":"150",
    "name":"Southern Europe"
  },
  {
    "id":"AD",
    "type":"country",
    "parent":"039",
    "name":"Andorra"
  },
  {
    "id":"AL",
    "type":"country",
    "parent":"039",
    "name":"Albania"
  },
  {
    "id":"BA",
    "type":"country",
    "parent":"039",
    "name":"Bosnia and herzegovina"
  },
  {
    "id":"ES",
    "type":"country",
    "parent":"039",
    "name":"Spain"
  },
  {
    "id":"GI",
    "type":"country",
    "parent":"039",
    "name":"Gibraltar"
  },
  {
    "id":"GR",
    "type":"country",
    "parent":"039",
    "name":"Greece"
  },
  {
    "id":"HR",
    "type":"country",
    "parent":"039",
    "name":"Croatia"
  },
  {
    "id":"IT",
    "type":"country",
    "parent":"039",
    "name":"Italy"
  },
  {
    "id":"ME",
    "type":"country",
    "parent":"039",
    "name":"Montenegro"
  },
  {
    "id":"MK",
    "type":"country",
    "parent":"039",
    "name":"Macedonia, the former yugoslav republic of"
  },
  {
    "id":"MT",
    "type":"country",
    "parent":"039",
    "name":"Malta"
  },
  {
    "id":"CS",
    "type":"country",
    "parent":"039",
    "name":"Serbia and Montenegro"
  },
  {
    "id":"RS",
    "type":"country",
    "parent":"039",
    "name":"Serbia"
  },
  {
    "id":"PT",
    "type":"country",
    "parent":"039",
    "name":"Portugal"
  },
  {
    "id":"SI",
    "type":"country",
    "parent":"039",
    "name":"Slovenia"
  },
  {
    "id":"SM",
    "type":"country",
    "parent":"039",
    "name":"San marino"
  },
  {
    "id":"VA",
    "type":"country",
    "parent":"039",
    "name":"Holy see (vatican city state)"
  },
  {
    "id":"YU",
    "type":"country",
    "parent":"039",
    "name":"Yugoslavia"
  },
  {
    "id":"019",
    "type":"continent",
    "parent":"world",
    "name":"Americas"
  },
  {
    "id":"021",
    "type":"sub-continent",
    "parent":"019",
    "name":"Northern America"
  },
  {
    "id":"BM",
    "type":"country",
    "parent":"021",
    "name":"Bermuda"
  },
  {
    "id":"CA",
    "type":"country",
    "parent":"021",
    "name":"Canada"
  },
  {
    "id":"GL",
    "type":"country",
    "parent":"021",
    "name":"Greenland"
  },
  {
    "id":"PM",
    "type":"country",
    "parent":"021",
    "name":"Saint pierre and miquelon"
  },
  {
    "id":"US",
    "type":"country",
    "parent":"021",
    "name":"United states"
  },
  {
    "id":"029",
    "type":"sub-continent",
    "parent":"019",
    "name":"Caribbean"
  },
  {
    "id":"AG",
    "type":"country",
    "parent":"029",
    "name":"Antigua and barbuda"
  },
  {
    "id":"AI",
    "type":"country",
    "parent":"029",
    "name":"Anguilla"
  },
  {
    "id":"AN",
    "type":"country",
    "parent":"029",
    "name":"Netherlands Antilles"
  },
  {
    "id":"AW",
    "type":"country",
    "parent":"029",
    "name":"Aruba"
  },
  {
    "id":"BB",
    "type":"country",
    "parent":"029",
    "name":"Barbados"
  },
  {
    "id":"BL",
    "type":"country",
    "parent":"029",
    "name":"Saint barth…lemy"
  },
  {
    "id":"BS",
    "type":"country",
    "parent":"029",
    "name":"Bahamas"
  },
  {
    "id":"CU",
    "type":"country",
    "parent":"029",
    "name":"Cuba"
  },
  {
    "id":"DM",
    "type":"country",
    "parent":"029",
    "name":"Dominica"
  },
  {
    "id":"DO",
    "type":"country",
    "parent":"029",
    "name":"Dominican republic"
  },
  {
    "id":"GD",
    "type":"country",
    "parent":"029",
    "name":"Grenada"
  },
  {
    "id":"GP",
    "type":"country",
    "parent":"029",
    "name":"Guadeloupe"
  },
  {
    "id":"HT",
    "type":"country",
    "parent":"029",
    "name":"Haiti"
  },
  {
    "id":"JM",
    "type":"country",
    "parent":"029",
    "name":"Jamaica"
  },
  {
    "id":"KN",
    "type":"country",
    "parent":"029",
    "name":"Saint kitts and nevis"
  },
  {
    "id":"KY",
    "type":"country",
    "parent":"029",
    "name":"Cayman islands"
  },
  {
    "id":"LC",
    "type":"country",
    "parent":"029",
    "name":"Saint lucia"
  },
  {
    "id":"MF",
    "type":"country",
    "parent":"029",
    "name":"Saint martin (french part)"
  },
  {
    "id":"MQ",
    "type":"country",
    "parent":"029",
    "name":"Martinique"
  },
  {
    "id":"MS",
    "type":"country",
    "parent":"029",
    "name":"Montserrat"
  },
  {
    "id":"PR",
    "type":"country",
    "parent":"029",
    "name":"Puerto rico"
  },
  {
    "id":"TC",
    "type":"country",
    "parent":"029",
    "name":"Turks and caicos islands"
  },
  {
    "id":"TT",
    "type":"country",
    "parent":"029",
    "name":"Trinidad and tobago"
  },
  {
    "id":"VC",
    "type":"country",
    "parent":"029",
    "name":"Saint vincent and the grenadines"
  },
  {
    "id":"VG",
    "type":"country",
    "parent":"029",
    "name":"Virgin islands, british"
  },
  {
    "id":"VI",
    "type":"country",
    "parent":"029",
    "name":"Virgin islands, u.s."
  },
  {
    "id":"013",
    "type":"sub-continent",
    "parent":"019",
    "name":"Central America"
  },
  {
    "id":"BZ",
    "type":"country",
    "parent":"013",
    "name":"Belize"
  },
  {
    "id":"CR",
    "type":"country",
    "parent":"013",
    "name":"Costa Rica"
  },
  {
    "id":"GT",
    "type":"country",
    "parent":"013",
    "name":"Guatemala"
  },
  {
    "id":"HN",
    "type":"country",
    "parent":"013",
    "name":"Honduras"
  },
  {
    "id":"MX",
    "type":"country",
    "parent":"013",
    "name":"Mexico"
  },
  {
    "id":"NI",
    "type":"country",
    "parent":"013",
    "name":"Nicaragua"
  },
  {
    "id":"PA",
    "type":"country",
    "parent":"013",
    "name":"Panama"
  },
  {
    "id":"SV",
    "type":"country",
    "parent":"013",
    "name":"El salvador"
  },
  {
    "id":"005",
    "type":"sub-continent",
    "parent":"019",
    "name":"South America"
  },
  {
    "id":"AR",
    "type":"country",
    "parent":"005",
    "name":"Argentina"
  },
  {
    "id":"BO",
    "type":"country",
    "parent":"005",
    "name":"Bolivia, plurinational state of"
  },
  {
    "id":"BR",
    "type":"country",
    "parent":"005",
    "name":"Brazil"
  },
  {
    "id":"CL",
    "type":"country",
    "parent":"005",
    "name":"Chile"
  },
  {
    "id":"CO",
    "type":"country",
    "parent":"005",
    "name":"Colombia"
  },
  {
    "id":"EC",
    "type":"country",
    "parent":"005",
    "name":"Ecuador"
  },
  {
    "id":"FK",
    "type":"country",
    "parent":"005",
    "name":"Falkland islands (malvinas)"
  },
  {
    "id":"GF",
    "type":"country",
    "parent":"005",
    "name":"French guiana"
  },
  {
    "id":"GY",
    "type":"country",
    "parent":"005",
    "name":"Guyana"
  },
  {
    "id":"PE",
    "type":"country",
    "parent":"005",
    "name":"Peru"
  },
  {
    "id":"PY",
    "type":"country",
    "parent":"005",
    "name":"Paraguay"
  },
  {
    "id":"SR",
    "type":"country",
    "parent":"005",
    "name":"Suriname"
  },
  {
    "id":"UY",
    "type":"country",
    "parent":"005",
    "name":"Uruguay"
  },
  {
    "id":"VE",
    "type":"country",
    "parent":"005",
    "name":"Venezuela, bolivarian republic of"
  },
  {
    "id":"142",
    "type":"continent",
    "parent":"world",
    "name":"Asia"
  },
  {
    "id":"143",
    "type":"sub-continent",
    "parent":"142",
    "name":"Central Asia"
  },
  {
    "id":"TM",
    "type":"country",
    "parent":"143",
    "name":"Turkmenistan"
  },
  {
    "id":"TJ",
    "type":"country",
    "parent":"143",
    "name":"Tajikistan"
  },
  {
    "id":"KG",
    "type":"country",
    "parent":"143",
    "name":"Kyrgyzstan"
  },
  {
    "id":"KZ",
    "type":"country",
    "parent":"143",
    "name":"Kazakhstan"
  },
  {
    "id":"UZ",
    "type":"country",
    "parent":"143",
    "name":"Uzbekistan"
  },
  {
    "id":"030",
    "type":"sub-continent",
    "parent":"142",
    "name":"Eastern Asia"
  },
  {
    "id":"CN",
    "type":"country",
    "parent":"030",
    "name":"China"
  },
  {
    "id":"HK",
    "type":"country",
    "parent":"030",
    "name":"Hong kong"
  },
  {
    "id":"JP",
    "type":"country",
    "parent":"030",
    "name":"Japan"
  },
  {
    "id":"KR",
    "type":"country",
    "parent":"030",
    "name":"Korea, democratic people's republic of"
  },
  {
    "id":"KP",
    "type":"country",
    "parent":"030",
    "name":"Korea, republic of"
  },
  {
    "id":"MN",
    "type":"country",
    "parent":"030",
    "name":"Mongolia"
  },
  {
    "id":"MO",
    "type":"country",
    "parent":"030",
    "name":"Macao"
  },
  {
    "id":"TW",
    "type":"country",
    "parent":"030",
    "name":"Taiwan, province of china"
  },
  {
    "id":"034",
    "type":"sub-continent",
    "parent":"142",
    "name":"Southern Asia"
  },
  {
    "id":"AF",
    "type":"country",
    "parent":"034",
    "name":"Afghanistan"
  },
  {
    "id":"BD",
    "type":"country",
    "parent":"034",
    "name":"Bangladesh"
  },
  {
    "id":"BT",
    "type":"country",
    "parent":"034",
    "name":"Bhutan"
  },
  {
    "id":"IN",
    "type":"country",
    "parent":"034",
    "name":"India"
  },
  {
    "id":"IR",
    "type":"country",
    "parent":"034",
    "name":"Iran, islamic republic of"
  },
  {
    "id":"LK",
    "type":"country",
    "parent":"034",
    "name":"Sri lanka"
  },
  {
    "id":"MV",
    "type":"country",
    "parent":"034",
    "name":"Maldives"
  },
  {
    "id":"NP",
    "type":"country",
    "parent":"034",
    "name":"Nepal"
  },
  {
    "id":"PK",
    "type":"country",
    "parent":"034",
    "name":"Pakistan"
  },
  {
    "id":"035",
    "type":"sub-continent",
    "parent":"142",
    "name":"South-Eastern Asia"
  },
  {
    "id":"BN",
    "type":"country",
    "parent":"035",
    "name":"Brunei darussalam"
  },
  {
    "id":"ID",
    "type":"country",
    "parent":"035",
    "name":"Indonesia"
  },
  {
    "id":"KH",
    "type":"country",
    "parent":"035",
    "name":"Cambodia"
  },
  {
    "id":"LA",
    "type":"country",
    "parent":"035",
    "name":"Lao people's democratic republic"
  },
  {
    "id":"MM",
    "type":"country",
    "parent":"035",
    "name":"Myanmar"
  },
  {
    "id":"BU",
    "type":"country",
    "parent":"035",
    "name":"Bouvet island"
  },
  {
    "id":"MY",
    "type":"country",
    "parent":"035",
    "name":"Malaysia"
  },
  {
    "id":"PH",
    "type":"country",
    "parent":"035",
    "name":"Philippines"
  },
  {
    "id":"SG",
    "type":"country",
    "parent":"035",
    "name":"Singapore"
  },
  {
    "id":"TH",
    "type":"country",
    "parent":"035",
    "name":"Thailand"
  },
  {
    "id":"TL",
    "type":"country",
    "parent":"035",
    "name":"Timor leste"
  },
  {
    "id":"TP",
    "type":"country",
    "parent":"035",
    "name":"East Timor"
  },
  {
    "id":"VN",
    "type":"country",
    "parent":"035",
    "name":"Viet nam"
  },
  {
    "id":"145",
    "type":"sub-continent",
    "parent":"142",
    "name":"Western Asia"
  },
  {
    "id":"AE",
    "type":"country",
    "parent":"145",
    "name":"United arab emirates"
  },
  {
    "id":"AM",
    "type":"country",
    "parent":"145",
    "name":"Armenia"
  },
  {
    "id":"AZ",
    "type":"country",
    "parent":"145",
    "name":"Azerbaijan"
  },
  {
    "id":"BH",
    "type":"country",
    "parent":"145",
    "name":"Bahrain"
  },
  {
    "id":"CY",
    "type":"country",
    "parent":"145",
    "name":"Cyprus"
  },
  {
    "id":"GE",
    "type":"country",
    "parent":"145",
    "name":"Georgia"
  },
  {
    "id":"IL",
    "type":"country",
    "parent":"145",
    "name":"Israel"
  },
  {
    "id":"IQ",
    "type":"country",
    "parent":"145",
    "name":"Iraq"
  },
  {
    "id":"JO",
    "type":"country",
    "parent":"145",
    "name":"Jordan"
  },
  {
    "id":"KW",
    "type":"country",
    "parent":"145",
    "name":"Kuwait"
  },
  {
    "id":"LB",
    "type":"country",
    "parent":"145",
    "name":"Lebanon"
  },
  {
    "id":"OM",
    "type":"country",
    "parent":"145",
    "name":"Oman"
  },
  {
    "id":"PS",
    "type":"country",
    "parent":"145",
    "name":"Palestinian territory, occupied"
  },
  {
    "id":"QA",
    "type":"country",
    "parent":"145",
    "name":"Qatar"
  },
  {
    "id":"SA",
    "type":"country",
    "parent":"145",
    "name":"Saudi arabia"
  },
  {
    "id":"NT",
    "type":"country",
    "parent":"145",
    "name":"Neutral Zone"
  },
  {
    "id":"SY",
    "type":"country",
    "parent":"145",
    "name":"Syrian arab republic"
  },
  {
    "id":"TR",
    "type":"country",
    "parent":"145",
    "name":"Turkey"
  },
  {
    "id":"YE",
    "type":"country",
    "parent":"145",
    "name":"Yemen"
  },
  {
    "id":"YD",
    "type":"country",
    "parent":"145",
    "name":"Yemen, Democratic"
  },
  {
    "id":"009",
    "type":"continent",
    "parent":"world",
    "name":"Oceania"
  },
  {
    "id":"053",
    "type":"sub-continent",
    "parent":"009",
    "name":"Australia and New Zealand"
  },
  {
    "id":"AU",
    "type":"country",
    "parent":"053",
    "name":"Australia"
  },
  {
    "id":"NF",
    "type":"country",
    "parent":"053",
    "name":"Norfolk island"
  },
  {
    "id":"NZ",
    "type":"country",
    "parent":"053",
    "name":"New zealand"
  },
  {
    "id":"054",
    "type":"sub-continent",
    "parent":"009",
    "name":"Melanesia"
  },
  {
    "id":"FJ",
    "type":"country",
    "parent":"054",
    "name":"Fiji"
  },
  {
    "id":"NC",
    "type":"country",
    "parent":"054",
    "name":"New caledonia"
  },
  {
    "id":"PG",
    "type":"country",
    "parent":"054",
    "name":"Papua new guinea"
  },
  {
    "id":"SB",
    "type":"country",
    "parent":"054",
    "name":"Solomon islands"
  },
  {
    "id":"VU",
    "type":"country",
    "parent":"054",
    "name":"Vanuatu"
  },
  {
    "id":"057",
    "type":"sub-continent",
    "parent":"009",
    "name":"Micronesia"
  },
  {
    "id":"FM",
    "type":"country",
    "parent":"057",
    "name":"Micronesia, federated states of"
  },
  {
    "id":"GU",
    "type":"country",
    "parent":"057",
    "name":"Guam"
  },
  {
    "id":"KI",
    "type":"country",
    "parent":"057",
    "name":"Kiribati"
  },
  {
    "id":"MH",
    "type":"country",
    "parent":"057",
    "name":"Marshall islands"
  },
  {
    "id":"MP",
    "type":"country",
    "parent":"057",
    "name":"Northern mariana islands"
  },
  {
    "id":"NR",
    "type":"country",
    "parent":"057",
    "name":"Nauru"
  },
  {
    "id":"PW",
    "type":"country",
    "parent":"057",
    "name":"Palau"
  },
  {
    "id":"061",
    "type":"sub-continent",
    "parent":"009",
    "name":"Polynesia"
  },
  {
    "id":"AS",
    "type":"country",
    "parent":"061",
    "name":"American samoa"
  },
  {
    "id":"CK",
    "type":"country",
    "parent":"061",
    "name":"Cook islands"
  },
  {
    "id":"NU",
    "type":"country",
    "parent":"061",
    "name":"Niue"
  },
  {
    "id":"PF",
    "type":"country",
    "parent":"061",
    "name":"French polynesia"
  },
  {
    "id":"PN",
    "type":"country",
    "parent":"061",
    "name":"Pitcairn"
  },
  {
    "id":"TK",
    "type":"country",
    "parent":"061",
    "name":"Tokelau"
  },
  {
    "id":"TO",
    "type":"country",
    "parent":"061",
    "name":"Tonga"
  },
  {
    "id":"TV",
    "type":"country",
    "parent":"061",
    "name":"Tuvalu"
  },
  {
    "id":"WF",
    "type":"country",
    "parent":"061",
    "name":"Wallis and futuna"
  },
  {
    "id":"WS",
    "type":"country",
    "parent":"061",
    "name":"Samoa"
  },
  {
    "id":"XK",
    "type":"country",
    "parent":"039",
    "name":"Kosova"
  }
]